-- phpMyAdmin SQL Dump
-- version 3.5.5
-- http://www.phpmyadmin.net
--
-- Host: localhost
-- Generation Time: Mar 03, 2013 at 09:49 AM
-- Server version: 5.5.28
-- PHP Version: 5.2.17

SET SQL_MODE="NO_AUTO_VALUE_ON_ZERO";
SET time_zone = "+00:00";


/*!40101 SET @OLD_CHARACTER_SET_CLIENT=@@CHARACTER_SET_CLIENT */;
/*!40101 SET @OLD_CHARACTER_SET_RESULTS=@@CHARACTER_SET_RESULTS */;
/*!40101 SET @OLD_COLLATION_CONNECTION=@@COLLATION_CONNECTION */;
/*!40101 SET NAMES utf8 */;

--
-- Database: `herald_league`
--

-- --------------------------------------------------------

--
-- Table structure for table `lg_activity`
--

CREATE TABLE IF NOT EXISTS `lg_activity` (
  `id` int(11) NOT NULL AUTO_INCREMENT,
  `league_id` int(11) NOT NULL,
  `activity_name` varchar(255) NOT NULL,
  `start_time` date NOT NULL,
  `end_time` date NOT NULL,
  `activity_introduce` varchar(255) NOT NULL,
  `activity_post_add` varchar(255) NOT NULL,
  `contact_info` varchar(255) NOT NULL COMMENT '联系方式',
  `activity_org_name` varchar(255) NOT NULL,
  `activity_release_time` date NOT NULL,
  `activity_count` int(11) NOT NULL COMMENT '点击量',
  `is_vote` int(2) NOT NULL DEFAULT '0',
  `activity_place` varchar(255) NOT NULL,
  `specific_time` varchar(255) NOT NULL COMMENT '活动具体时间',
  PRIMARY KEY (`id`)
) ENGINE=InnoDB  DEFAULT CHARSET=utf8 AUTO_INCREMENT=113 ;

--
-- Dumping data for table `lg_activity`
--

INSERT INTO `lg_activity` (`id`, `league_id`, `activity_name`, `start_time`, `end_time`, `activity_introduce`, `activity_post_add`, `contact_info`, `activity_org_name`, `activity_release_time`, `activity_count`, `is_vote`, `activity_place`, `specific_time`) VALUES
(106, 1, 'up', '2013-04-01', '2013-05-01', 'qqq', '1/2013-02-16/511f4253c275a.jpg', '1111', '东南大学先声网', '2013-02-16', 2, 1, '111', ''),
(107, 1, 'up', '2013-04-01', '2013-05-01', 'qqq', '1/2013-02-16/511f435462f79.jpg', '1111', '东南大学先声网', '2013-02-16', 0, 1, '111', ''),
(108, 1, 'up', '2013-04-01', '2013-05-01', 'qqq', '1/2013-02-16/511f4bc6274bf.jpg', '1111', '东南大学先声网', '2013-02-16', 39, 1, '1111111111111111111111111111111111111111111111111111111222222222222222222222222333333333333333333333', ''),
(109, 1, 'up', '2013-04-10', '2013-06-12', '森达啊啊防撒旦岁刚出去as开啊啊啊啊', '1/2013-02-22/5127195302d38.jpg', '1111', '先声网', '2013-02-22', 1, 0, '111', ''),
(110, 1, 'up', '2013-03-28', '2013-04-24', '梗梗梗', '1/2013-02-22/51271fa7dea17.jpg', '1111', '先声网', '2013-02-22', 20, 0, '111', ''),
(111, 1, 'upp', '2013-02-23', '2013-02-25', 'ffffffffffff', '1/2013-02-22/51273f5088a6a.jpg', '1111', '先声网', '2013-02-22', 1, 0, '111', ''),
(112, 1, '&lt;', '2013-03-20', '2013-02-27', 'afafaaaaaaaaaaaaaaa', '1/2013-02-26/512c0872a8fe6.jpg', '1', '先声网', '2013-02-26', 1, 0, '1&#39;)#', '');

-- --------------------------------------------------------

--
-- Table structure for table `lg_activity_class`
--

CREATE TABLE IF NOT EXISTS `lg_activity_class` (
  `id` int(11) NOT NULL AUTO_INCREMENT,
  `class_name` varchar(255) NOT NULL,
  `heat` int(11) NOT NULL DEFAULT '1',
  PRIMARY KEY (`id`)
) ENGINE=InnoDB  DEFAULT CHARSET=utf8 AUTO_INCREMENT=13 ;

--
-- Dumping data for table `lg_activity_class`
--

INSERT INTO `lg_activity_class` (`id`, `class_name`, `heat`) VALUES
(1, '社团招新', 2),
(2, '音乐', 1),
(3, '体育 ', 1),
(4, '讲座', 42),
(5, '宣讲', 2),
(8, '测试', 3),
(9, '测试2', 20),
(10, '测试测试测试测', 1),
(11, '多个标签用', 1),
(12, '分开', 1);

-- --------------------------------------------------------

--
-- Table structure for table `lg_answer`
--

CREATE TABLE IF NOT EXISTS `lg_answer` (
  `id` int(11) NOT NULL AUTO_INCREMENT,
  `comment_id` int(11) NOT NULL,
  `answering_id` int(11) NOT NULL,
  `answering_type` int(11) NOT NULL,
  `floor_id` int(11) NOT NULL COMMENT '楼层数',
  `is_new` int(4) NOT NULL DEFAULT '1' COMMENT '默认为1  被评论用户点击之后置为0',
  `content` varchar(255) NOT NULL,
  PRIMARY KEY (`id`)
) ENGINE=InnoDB  DEFAULT CHARSET=utf8 AUTO_INCREMENT=26 ;

--
-- Dumping data for table `lg_answer`
--

INSERT INTO `lg_answer` (`id`, `comment_id`, `answering_id`, `answering_type`, `floor_id`, `is_new`, `content`) VALUES
(1, 1, 2, 1, 1, 1, '测试回复给相册的'),
(2, 2, 1, 1, 2, 1, '还是测试回复'),
(3, 3, 2, 1, 3, 1, '测试回复给社团的'),
(4, 4, 1, 2, 4, 1, '这是给社团的测试回复'),
(5, 1, 2, 1, 2, 1, '这也是给相册的测试回复'),
(6, 5, 1, 1, 1, 1, '这是给照片的测试回复1'),
(7, 6, 1, 1, 1, 1, '这是给照片的测试回复2'),
(8, 1, 1, 1, 1, 1, '测试回复'),
(17, 1, 1, 1, 1, 1, 'test'),
(18, 12, 1, 1, 1, 1, '留个言试一下'),
(19, 1, 1, 1, 1, 1, '回复一下试一下'),
(20, 0, 1, 1, 1, 1, '回复一下试一下'),
(21, 2, 1, 1, 1, 1, '回复一下试一下'),
(22, 11, 1, 1, 1, 1, '测试一下回复'),
(23, 12, 1, 1, 1, 1, '再试一下'),
(24, 2, 1, 1, 1, 1, 'tste'),
(25, 9, 1, 1, 1, 1, 'huifu');

-- --------------------------------------------------------

--
-- Table structure for table `lg_attention`
--

CREATE TABLE IF NOT EXISTS `lg_attention` (
  `id` int(11) NOT NULL AUTO_INCREMENT,
  `user_id` int(11) NOT NULL,
  `attended_id` int(11) NOT NULL COMMENT '被关注者id',
  `isleague` int(4) NOT NULL COMMENT '0表示活动 1表示社团',
  PRIMARY KEY (`id`)
) ENGINE=InnoDB DEFAULT CHARSET=utf8 AUTO_INCREMENT=1 ;

-- --------------------------------------------------------

--
-- Table structure for table `lg_class_activity`
--

CREATE TABLE IF NOT EXISTS `lg_class_activity` (
  `id` int(11) NOT NULL AUTO_INCREMENT,
  `activity_id` int(11) NOT NULL COMMENT '活动的id',
  `class_id` int(11) NOT NULL COMMENT '标签的id',
  PRIMARY KEY (`id`)
) ENGINE=InnoDB  DEFAULT CHARSET=latin1 COMMENT='活动的标签' AUTO_INCREMENT=84 ;

--
-- Dumping data for table `lg_class_activity`
--

INSERT INTO `lg_class_activity` (`id`, `activity_id`, `class_id`) VALUES
(1, 1, 1),
(2, 62, 4),
(3, 63, 4),
(4, 63, 8),
(5, 64, 4),
(6, 64, 9),
(7, 65, 4),
(8, 65, 9),
(9, 66, 4),
(10, 66, 9),
(11, 67, 4),
(12, 67, 9),
(13, 68, 4),
(14, 68, 10),
(15, 68, 1),
(16, 68, 2),
(17, 68, 3),
(18, 69, 1),
(19, 69, 8),
(20, 70, 4),
(21, 70, 9),
(22, 71, 4),
(23, 71, 9),
(24, 72, 4),
(25, 72, 9),
(26, 73, 4),
(27, 73, 9),
(28, 74, 4),
(29, 74, 9),
(30, 75, 4),
(31, 75, 9),
(32, 76, 4),
(33, 76, 9),
(34, 77, 4),
(35, 78, 4),
(36, 79, 4),
(37, 80, 4),
(38, 81, 4),
(39, 82, 4),
(40, 83, 4),
(41, 84, 4),
(42, 85, 4),
(43, 86, 4),
(44, 87, 4),
(45, 88, 4),
(46, 89, 4),
(47, 90, 4),
(48, 91, 4),
(49, 92, 4),
(50, 93, 4),
(51, 94, 4),
(52, 95, 4),
(53, 96, 4),
(54, 97, 4),
(55, 98, 4),
(56, 99, 4),
(57, 99, 9),
(58, 100, 4),
(59, 100, 9),
(60, 101, 4),
(61, 101, 9),
(62, 102, 4),
(63, 102, 9),
(64, 103, 4),
(65, 103, 9),
(66, 104, 4),
(67, 104, 9),
(68, 105, 4),
(69, 105, 9),
(70, 106, 4),
(71, 106, 9),
(72, 107, 4),
(73, 107, 9),
(74, 108, 4),
(75, 108, 9),
(76, 109, 4),
(77, 109, 9),
(78, 110, 11),
(79, 110, 12),
(80, 111, 4),
(81, 111, 9),
(82, 112, 8),
(83, 112, 5);

-- --------------------------------------------------------

--
-- Table structure for table `lg_comment`
--

CREATE TABLE IF NOT EXISTS `lg_comment` (
  `id` int(11) NOT NULL AUTO_INCREMENT,
  `comming_id` int(11) NOT NULL COMMENT '评论者id',
  `comming_type` int(4) NOT NULL COMMENT '评论者类型',
  `commed_id` int(11) NOT NULL COMMENT '被评论者id',
  `commed_type` int(4) NOT NULL COMMENT '被评论者类型',
  `is_new` int(4) NOT NULL DEFAULT '1',
  `content` varchar(255) NOT NULL,
  `comment_date` date NOT NULL,
  `comment_time` time NOT NULL,
  PRIMARY KEY (`id`)
) ENGINE=InnoDB  DEFAULT CHARSET=utf8 AUTO_INCREMENT=13 ;

--
-- Dumping data for table `lg_comment`
--

INSERT INTO `lg_comment` (`id`, `comming_id`, `comming_type`, `commed_id`, `commed_type`, `is_new`, `content`, `comment_date`, `comment_time`) VALUES
(1, 1, 1, 1, 1, 1, '这还是一个测试评论', '0000-00-00', '00:00:00'),
(2, 1, 1, 1, 2, 1, '这还是一个测试评论', '0000-00-00', '00:00:00'),
(9, 1, 1, 1, 2, 1, '这时给相册的一个测试评论', '0000-00-00', '00:00:00'),
(10, 1, 1, 2, 2, 1, '这是给第二个相册的评论', '0000-00-00', '00:00:00'),
(11, 1, 1, 1, 3, 1, '这是给照片的评论', '0000-00-00', '00:00:00'),
(12, 1, 1, 1, 1, 1, '我在留一个言', '0000-00-00', '00:00:00');

-- --------------------------------------------------------

--
-- Table structure for table `lg_commented_type`
--

CREATE TABLE IF NOT EXISTS `lg_commented_type` (
  `id` int(11) NOT NULL AUTO_INCREMENT,
  `type` varchar(255) NOT NULL,
  PRIMARY KEY (`id`)
) ENGINE=InnoDB  DEFAULT CHARSET=utf8 COMMENT='这个表主要是为了记录被评论对象的类型的id 于实际代码没有多大用处' AUTO_INCREMENT=7 ;

--
-- Dumping data for table `lg_commented_type`
--

INSERT INTO `lg_commented_type` (`id`, `type`) VALUES
(1, 'league'),
(2, 'album'),
(3, 'picture'),
(4, 'activity'),
(5, 'video'),
(6, 'audio');

-- --------------------------------------------------------

--
-- Table structure for table `lg_ip`
--

CREATE TABLE IF NOT EXISTS `lg_ip` (
  `id` int(11) NOT NULL AUTO_INCREMENT,
  `ip` varchar(255) DEFAULT NULL,
  `date` datetime DEFAULT NULL,
  PRIMARY KEY (`id`)
) ENGINE=InnoDB  DEFAULT CHARSET=utf8 AUTO_INCREMENT=561 ;

--
-- Dumping data for table `lg_ip`
--

INSERT INTO `lg_ip` (`id`, `ip`, `date`) VALUES
(1, '127.0.0.1', NULL),
(2, '127.0.0.1', NULL),
(3, '127.0.0.1', NULL),
(4, '127.0.0.1', NULL),
(5, '127.0.0.1', NULL),
(6, '127.0.0.1', '2013-02-18 00:00:00'),
(7, '127.0.0.1', '2013-02-18 21:24:59'),
(8, '127.0.0.1', '2013-02-19 19:43:45'),
(9, '127.0.0.1', '2013-02-19 19:44:28'),
(10, '127.0.0.1', '2013-02-19 19:44:49'),
(11, '127.0.0.1', '2013-02-19 19:45:10'),
(12, '127.0.0.1', '2013-02-19 19:47:50'),
(13, '127.0.0.1', '2013-02-19 19:47:51'),
(14, '127.0.0.1', '2013-02-19 19:49:55'),
(15, '127.0.0.1', '2013-02-19 19:49:57'),
(16, '127.0.0.1', '2013-02-19 19:49:57'),
(17, '127.0.0.1', '2013-02-19 19:49:57'),
(18, '127.0.0.1', '2013-02-19 19:49:57'),
(19, '127.0.0.1', '2013-02-19 19:52:28'),
(20, '127.0.0.1', '2013-02-19 19:52:30'),
(21, '127.0.0.1', '2013-02-19 19:52:31'),
(22, '127.0.0.1', '2013-02-19 19:54:55'),
(23, '127.0.0.1', '2013-02-19 19:54:57'),
(24, '127.0.0.1', '2013-02-19 19:57:37'),
(25, '127.0.0.1', '2013-02-19 19:57:41'),
(26, '127.0.0.1', '2013-02-19 19:57:42'),
(27, '127.0.0.1', '2013-02-19 19:59:31'),
(28, '127.0.0.1', '2013-02-19 19:59:33'),
(29, '127.0.0.1', '2013-02-19 20:00:07'),
(30, '127.0.0.1', '2013-02-19 20:00:30'),
(31, '127.0.0.1', '2013-02-19 20:00:31'),
(32, '127.0.0.1', '2013-02-19 20:02:23'),
(33, '127.0.0.1', '2013-02-19 20:02:23'),
(34, '127.0.0.1', '2013-02-19 20:02:25'),
(35, '127.0.0.1', '2013-02-19 20:04:52'),
(36, '127.0.0.1', '2013-02-19 20:04:54'),
(37, '127.0.0.1', '2013-02-19 20:12:58'),
(38, '127.0.0.1', '2013-02-19 20:13:00'),
(39, '127.0.0.1', '2013-02-19 20:14:19'),
(40, '127.0.0.1', '2013-02-19 20:14:21'),
(41, '127.0.0.1', '2013-02-19 20:16:29'),
(42, '127.0.0.1', '2013-02-19 20:16:31'),
(43, '127.0.0.1', '2013-02-19 20:16:53'),
(44, '127.0.0.1', '2013-02-19 20:16:55'),
(45, '127.0.0.1', '2013-02-19 20:18:17'),
(46, '127.0.0.1', '2013-02-19 20:18:19'),
(47, '127.0.0.1', '2013-02-19 20:20:53'),
(48, '127.0.0.1', '2013-02-19 20:20:55'),
(49, '127.0.0.1', '2013-02-19 20:21:12'),
(50, '127.0.0.1', '2013-02-19 20:22:35'),
(51, '127.0.0.1', '2013-02-19 20:22:38'),
(52, '127.0.0.1', '2013-02-19 20:27:14'),
(53, '127.0.0.1', '2013-02-19 20:27:21'),
(54, '127.0.0.1', '2013-02-19 20:27:29'),
(55, '127.0.0.1', '2013-02-19 20:28:21'),
(56, '127.0.0.1', '2013-02-19 20:29:30'),
(57, '127.0.0.1', '2013-02-19 20:29:37'),
(58, '127.0.0.1', '2013-02-19 20:31:57'),
(59, '127.0.0.1', '2013-02-19 20:32:01'),
(60, '127.0.0.1', '2013-02-19 20:32:39'),
(61, '127.0.0.1', '2013-02-19 20:32:56'),
(62, '127.0.0.1', '2013-02-19 20:32:58'),
(63, '127.0.0.1', '2013-02-19 20:32:59'),
(64, '127.0.0.1', '2013-02-19 20:33:03'),
(65, '127.0.0.1', '2013-02-19 20:33:13'),
(66, '127.0.0.1', '2013-02-19 20:33:25'),
(67, '127.0.0.1', '2013-02-19 20:33:52'),
(68, '127.0.0.1', '2013-02-19 20:33:53'),
(69, '127.0.0.1', '2013-02-19 20:33:53'),
(70, '127.0.0.1', '2013-02-19 20:34:11'),
(71, '127.0.0.1', '2013-02-19 20:34:18'),
(72, '127.0.0.1', '2013-02-19 20:35:33'),
(73, '127.0.0.1', '2013-02-19 20:37:09'),
(74, '127.0.0.1', '2013-02-19 20:38:17'),
(75, '127.0.0.1', '2013-02-19 20:38:22'),
(76, '127.0.0.1', '2013-02-19 20:38:31'),
(77, '127.0.0.1', '2013-02-19 20:39:13'),
(78, '127.0.0.1', '2013-02-19 20:39:27'),
(79, '127.0.0.1', '2013-02-19 20:39:29'),
(80, '127.0.0.1', '2013-02-19 20:39:29'),
(81, '127.0.0.1', '2013-02-19 20:39:30'),
(82, '127.0.0.1', '2013-02-19 20:39:34'),
(83, '127.0.0.1', '2013-02-19 20:39:35'),
(84, '127.0.0.1', '2013-02-19 20:39:43'),
(85, '127.0.0.1', '2013-02-19 20:39:55'),
(86, '127.0.0.1', '2013-02-19 20:39:56'),
(87, '127.0.0.1', '2013-02-19 20:39:57'),
(88, '127.0.0.1', '2013-02-19 20:40:30'),
(89, '127.0.0.1', '2013-02-19 20:41:48'),
(90, '127.0.0.1', '2013-02-19 20:41:50'),
(91, '127.0.0.1', '2013-02-19 20:41:59'),
(92, '127.0.0.1', '2013-02-19 20:42:00'),
(93, '127.0.0.1', '2013-02-19 20:42:14'),
(94, '127.0.0.1', '2013-02-19 20:42:14'),
(95, '127.0.0.1', '2013-02-19 20:42:16'),
(96, '127.0.0.1', '2013-02-19 20:42:23'),
(97, '127.0.0.1', '2013-02-19 20:42:23'),
(98, '127.0.0.1', '2013-02-19 20:42:52'),
(99, '127.0.0.1', '2013-02-19 20:42:52'),
(100, '127.0.0.1', '2013-02-19 20:42:53'),
(101, '127.0.0.1', '2013-02-19 20:43:03'),
(102, '127.0.0.1', '2013-02-19 20:43:03'),
(103, '127.0.0.1', '2013-02-19 20:50:57'),
(104, '127.0.0.1', '2013-02-19 20:50:57'),
(105, '127.0.0.1', '2013-02-19 20:51:01'),
(106, '127.0.0.1', '2013-02-19 20:51:18'),
(107, '127.0.0.1', '2013-02-19 20:51:42'),
(108, '127.0.0.1', '2013-02-19 20:55:30'),
(109, '127.0.0.1', '2013-02-19 20:55:32'),
(110, '127.0.0.1', '2013-02-19 20:55:45'),
(111, '127.0.0.1', '2013-02-19 20:56:44'),
(112, '127.0.0.1', '2013-02-19 20:56:45'),
(113, '127.0.0.1', '2013-02-19 20:58:18'),
(114, '127.0.0.1', '2013-02-19 20:58:21'),
(115, '127.0.0.1', '2013-02-19 21:00:25'),
(116, '127.0.0.1', '2013-02-19 21:00:26'),
(117, '127.0.0.1', '2013-02-19 21:00:47'),
(118, '127.0.0.1', '2013-02-19 21:01:45'),
(119, '127.0.0.1', '2013-02-19 21:01:49'),
(120, '127.0.0.1', '2013-02-19 21:01:51'),
(121, '127.0.0.1', '2013-02-19 21:06:50'),
(122, '127.0.0.1', '2013-02-19 21:07:05'),
(123, '127.0.0.1', '2013-02-19 21:07:08'),
(124, '127.0.0.1', '2013-02-19 21:07:23'),
(125, '127.0.0.1', '2013-02-19 21:19:28'),
(126, '127.0.0.1', '2013-02-19 21:23:49'),
(127, '127.0.0.1', '2013-02-19 21:27:07'),
(128, '127.0.0.1', '2013-02-19 21:31:11'),
(129, '127.0.0.1', '2013-02-19 22:03:52'),
(130, '127.0.0.1', '2013-02-19 22:04:37'),
(131, '127.0.0.1', '2013-02-19 22:04:59'),
(132, '127.0.0.1', '2013-02-19 22:07:00'),
(133, '127.0.0.1', '2013-02-19 22:08:10'),
(134, '127.0.0.1', '2013-02-19 22:09:16'),
(135, '127.0.0.1', '2013-02-19 22:18:32'),
(136, '127.0.0.1', '2013-02-19 22:18:41'),
(137, '127.0.0.1', '2013-02-19 22:19:58'),
(138, '127.0.0.1', '2013-02-19 22:22:23'),
(139, '127.0.0.1', '2013-02-19 22:23:10'),
(140, '127.0.0.1', '2013-02-19 22:26:24'),
(141, '127.0.0.1', '2013-02-19 22:26:27'),
(142, '127.0.0.1', '2013-02-19 22:26:31'),
(143, '127.0.0.1', '2013-02-19 22:26:34'),
(144, '127.0.0.1', '2013-02-20 15:02:52'),
(145, '127.0.0.1', '2013-02-20 15:13:08'),
(146, '127.0.0.1', '2013-02-20 15:13:31'),
(147, '127.0.0.1', '2013-02-20 15:13:34'),
(148, '127.0.0.1', '2013-02-20 15:14:06'),
(149, '127.0.0.1', '2013-02-20 15:17:32'),
(150, '127.0.0.1', '2013-02-20 15:32:21'),
(151, '127.0.0.1', '2013-02-20 15:40:53'),
(152, '127.0.0.1', '2013-02-20 15:41:32'),
(153, '127.0.0.1', '2013-02-20 15:41:45'),
(154, '127.0.0.1', '2013-02-20 15:43:12'),
(155, '127.0.0.1', '2013-02-20 15:43:34'),
(156, '127.0.0.1', '2013-02-20 15:43:54'),
(157, '127.0.0.1', '2013-02-20 15:49:28'),
(158, '127.0.0.1', '2013-02-20 15:49:29'),
(159, '127.0.0.1', '2013-02-20 15:49:30'),
(160, '127.0.0.1', '2013-02-20 15:49:41'),
(161, '127.0.0.1', '2013-02-20 15:49:55'),
(162, '127.0.0.1', '2013-02-20 15:50:46'),
(163, '127.0.0.1', '2013-02-20 15:53:07'),
(164, '127.0.0.1', '2013-02-20 15:54:04'),
(165, '127.0.0.1', '2013-02-20 15:54:04'),
(166, '127.0.0.1', '2013-02-20 15:54:05'),
(167, '127.0.0.1', '2013-02-20 15:54:05'),
(168, '127.0.0.1', '2013-02-20 15:55:01'),
(169, '127.0.0.1', '2013-02-20 15:55:01'),
(170, '127.0.0.1', '2013-02-20 15:55:02'),
(171, '127.0.0.1', '2013-02-20 15:55:04'),
(172, '127.0.0.1', '2013-02-20 15:55:05'),
(173, '127.0.0.1', '2013-02-20 15:55:05'),
(174, '127.0.0.1', '2013-02-20 15:55:07'),
(175, '127.0.0.1', '2013-02-20 15:55:15'),
(176, '127.0.0.1', '2013-02-20 15:55:16'),
(177, '127.0.0.1', '2013-02-20 15:55:17'),
(178, '127.0.0.1', '2013-02-20 15:56:12'),
(179, '127.0.0.1', '2013-02-20 15:56:27'),
(180, '127.0.0.1', '2013-02-20 15:56:27'),
(181, '127.0.0.1', '2013-02-20 15:56:28'),
(182, '127.0.0.1', '2013-02-20 15:56:29'),
(183, '127.0.0.1', '2013-02-20 15:56:32'),
(184, '127.0.0.1', '2013-02-20 15:56:32'),
(185, '127.0.0.1', '2013-02-20 15:56:33'),
(186, '127.0.0.1', '2013-02-20 15:57:14'),
(187, '127.0.0.1', '2013-02-20 15:57:14'),
(188, '127.0.0.1', '2013-02-20 15:57:15'),
(189, '127.0.0.1', '2013-02-20 15:57:42'),
(190, '127.0.0.1', '2013-02-20 15:57:43'),
(191, '127.0.0.1', '2013-02-20 15:57:44'),
(192, '127.0.0.1', '2013-02-20 15:57:45'),
(193, '127.0.0.1', '2013-02-20 15:57:45'),
(194, '127.0.0.1', '2013-02-20 15:57:48'),
(195, '127.0.0.1', '2013-02-20 15:57:48'),
(196, '127.0.0.1', '2013-02-20 15:57:49'),
(197, '127.0.0.1', '2013-02-20 15:57:51'),
(198, '127.0.0.1', '2013-02-20 15:57:51'),
(199, '127.0.0.1', '2013-02-20 15:57:52'),
(200, '127.0.0.1', '2013-02-20 15:59:11'),
(201, '127.0.0.1', '2013-02-20 15:59:12'),
(202, '127.0.0.1', '2013-02-20 15:59:12'),
(203, '127.0.0.1', '2013-02-20 15:59:16'),
(204, '127.0.0.1', '2013-02-20 15:59:17'),
(205, '127.0.0.1', '2013-02-20 15:59:17'),
(206, '127.0.0.1', '2013-02-20 16:00:27'),
(207, '127.0.0.1', '2013-02-20 16:00:27'),
(208, '127.0.0.1', '2013-02-20 16:00:28'),
(209, '127.0.0.1', '2013-02-20 16:02:46'),
(210, '127.0.0.1', '2013-02-20 16:02:46'),
(211, '127.0.0.1', '2013-02-20 16:02:47'),
(212, '127.0.0.1', '2013-02-20 16:10:49'),
(213, '127.0.0.1', '2013-02-20 16:10:50'),
(214, '127.0.0.1', '2013-02-20 16:10:51'),
(215, '127.0.0.1', '2013-02-20 16:21:34'),
(216, '127.0.0.1', '2013-02-20 16:21:34'),
(217, '127.0.0.1', '2013-02-20 16:21:35'),
(218, '127.0.0.1', '2013-02-20 16:22:31'),
(219, '127.0.0.1', '2013-02-20 16:22:32'),
(220, '127.0.0.1', '2013-02-20 16:22:32'),
(221, '127.0.0.1', '2013-02-20 16:23:21'),
(222, '127.0.0.1', '2013-02-20 16:23:21'),
(223, '127.0.0.1', '2013-02-20 16:23:22'),
(224, '127.0.0.1', '2013-02-20 16:23:31'),
(225, '127.0.0.1', '2013-02-20 16:23:31'),
(226, '127.0.0.1', '2013-02-20 16:23:32'),
(227, '127.0.0.1', '2013-02-20 16:23:33'),
(228, '127.0.0.1', '2013-02-20 16:23:33'),
(229, '127.0.0.1', '2013-02-20 16:23:35'),
(230, '127.0.0.1', '2013-02-20 16:26:19'),
(231, '127.0.0.1', '2013-02-20 16:26:19'),
(232, '127.0.0.1', '2013-02-20 16:26:21'),
(233, '127.0.0.1', '2013-02-20 16:26:21'),
(234, '127.0.0.1', '2013-02-20 16:26:24'),
(235, '127.0.0.1', '2013-02-20 17:27:11'),
(236, '127.0.0.1', '2013-02-20 17:27:12'),
(237, '127.0.0.1', '2013-02-20 17:27:39'),
(238, '127.0.0.1', '2013-02-20 17:27:40'),
(239, '127.0.0.1', '2013-02-20 17:27:41'),
(240, '127.0.0.1', '2013-02-20 17:27:41'),
(241, '127.0.0.1', '2013-02-20 17:27:42'),
(242, '127.0.0.1', '2013-02-20 17:27:43'),
(243, '127.0.0.1', '2013-02-20 17:27:43'),
(244, '127.0.0.1', '2013-02-20 17:27:44'),
(245, '127.0.0.1', '2013-02-20 17:27:45'),
(246, '127.0.0.1', '2013-02-20 17:27:46'),
(247, '127.0.0.1', '2013-02-20 17:31:09'),
(248, '127.0.0.1', '2013-02-20 17:31:10'),
(249, '127.0.0.1', '2013-02-20 17:31:11'),
(250, '127.0.0.1', '2013-02-20 17:34:03'),
(251, '127.0.0.1', '2013-02-20 17:34:03'),
(252, '127.0.0.1', '2013-02-20 17:34:04'),
(253, '127.0.0.1', '2013-02-20 17:35:20'),
(254, '127.0.0.1', '2013-02-20 17:35:21'),
(255, '127.0.0.1', '2013-02-20 17:35:22'),
(256, '127.0.0.1', '2013-02-20 17:50:15'),
(257, '127.0.0.1', '2013-02-20 17:50:16'),
(258, '127.0.0.1', '2013-02-20 17:50:17'),
(259, '127.0.0.1', '2013-02-20 17:50:41'),
(260, '127.0.0.1', '2013-02-20 17:50:41'),
(261, '127.0.0.1', '2013-02-20 17:50:42'),
(262, '127.0.0.1', '2013-02-20 17:50:43'),
(263, '127.0.0.1', '2013-02-20 17:51:00'),
(264, '127.0.0.1', '2013-02-20 17:51:13'),
(265, '127.0.0.1', '2013-02-20 22:25:41'),
(266, '127.0.0.1', '2013-02-20 22:27:53'),
(267, '127.0.0.1', '2013-02-20 22:27:54'),
(268, '127.0.0.1', '2013-02-22 14:21:01'),
(269, '127.0.0.1', '2013-02-22 14:21:02'),
(270, '127.0.0.1', '2013-02-22 14:21:03'),
(271, '127.0.0.1', '2013-02-22 14:21:37'),
(272, '127.0.0.1', '2013-02-22 14:21:37'),
(273, '127.0.0.1', '2013-02-22 14:21:38'),
(274, '127.0.0.1', '2013-02-22 14:21:39'),
(275, '127.0.0.1', '2013-02-22 14:22:56'),
(276, '127.0.0.1', '2013-02-22 14:22:56'),
(277, '127.0.0.1', '2013-02-22 14:22:56'),
(278, '127.0.0.1', '2013-02-22 14:22:57'),
(279, '127.0.0.1', '2013-02-22 14:23:02'),
(280, '127.0.0.1', '2013-02-22 14:23:09'),
(281, '127.0.0.1', '2013-02-22 14:24:21'),
(282, '127.0.0.1', '2013-02-22 14:24:21'),
(283, '127.0.0.1', '2013-02-22 14:24:21'),
(284, '127.0.0.1', '2013-02-22 14:24:24'),
(285, '127.0.0.1', '2013-02-22 14:25:14'),
(286, '127.0.0.1', '2013-02-22 14:25:18'),
(287, '127.0.0.1', '2013-02-22 14:29:19'),
(288, '127.0.0.1', '2013-02-22 14:29:21'),
(289, '127.0.0.1', '2013-02-22 14:29:21'),
(290, '127.0.0.1', '2013-02-22 14:30:00'),
(291, '127.0.0.1', '2013-02-22 14:30:02'),
(292, '127.0.0.1', '2013-02-22 14:30:03'),
(293, '127.0.0.1', '2013-02-22 14:30:19'),
(294, '127.0.0.1', '2013-02-22 14:32:49'),
(295, '127.0.0.1', '2013-02-22 14:32:51'),
(296, '127.0.0.1', '2013-02-22 14:32:52'),
(297, '127.0.0.1', '2013-02-22 14:33:18'),
(298, '127.0.0.1', '2013-02-22 14:33:21'),
(299, '127.0.0.1', '2013-02-22 14:33:21'),
(300, '127.0.0.1', '2013-02-22 14:33:56'),
(301, '127.0.0.1', '2013-02-22 14:33:56'),
(302, '127.0.0.1', '2013-02-22 14:34:37'),
(303, '127.0.0.1', '2013-02-22 14:34:37'),
(304, '127.0.0.1', '2013-02-22 14:36:09'),
(305, '127.0.0.1', '2013-02-22 14:36:10'),
(306, '127.0.0.1', '2013-02-22 14:36:15'),
(307, '127.0.0.1', '2013-02-22 14:36:15'),
(308, '127.0.0.1', '2013-02-22 14:37:43'),
(309, '127.0.0.1', '2013-02-22 14:37:44'),
(310, '127.0.0.1', '2013-02-22 14:37:44'),
(311, '127.0.0.1', '2013-02-22 14:39:15'),
(312, '127.0.0.1', '2013-02-22 14:39:17'),
(313, '127.0.0.1', '2013-02-22 14:39:17'),
(314, '127.0.0.1', '2013-02-22 14:39:17'),
(315, '127.0.0.1', '2013-02-22 14:39:45'),
(316, '127.0.0.1', '2013-02-22 14:39:45'),
(317, '127.0.0.1', '2013-02-22 14:39:49'),
(318, '127.0.0.1', '2013-02-22 14:39:55'),
(319, '127.0.0.1', '2013-02-22 14:40:22'),
(320, '127.0.0.1', '2013-02-22 14:40:24'),
(321, '127.0.0.1', '2013-02-22 14:40:24'),
(322, '127.0.0.1', '2013-02-22 14:40:24'),
(323, '127.0.0.1', '2013-02-22 14:40:30'),
(324, '127.0.0.1', '2013-02-22 14:40:33'),
(325, '127.0.0.1', '2013-02-22 14:41:17'),
(326, '127.0.0.1', '2013-02-22 14:41:17'),
(327, '127.0.0.1', '2013-02-22 14:41:17'),
(328, '127.0.0.1', '2013-02-22 14:41:20'),
(329, '127.0.0.1', '2013-02-22 14:41:22'),
(330, '127.0.0.1', '2013-02-22 14:48:57'),
(331, '127.0.0.1', '2013-02-22 14:48:57'),
(332, '127.0.0.1', '2013-02-22 14:48:57'),
(333, '127.0.0.1', '2013-02-22 14:49:07'),
(334, '127.0.0.1', '2013-02-22 14:49:09'),
(335, '127.0.0.1', '2013-02-22 14:57:33'),
(336, '127.0.0.1', '2013-02-22 14:57:43'),
(337, '127.0.0.1', '2013-02-22 14:57:44'),
(338, '127.0.0.1', '2013-02-22 14:57:45'),
(339, '127.0.0.1', '2013-02-22 14:57:45'),
(340, '127.0.0.1', '2013-02-22 14:58:33'),
(341, '127.0.0.1', '2013-02-22 14:58:34'),
(342, '127.0.0.1', '2013-02-22 14:58:34'),
(343, '127.0.0.1', '2013-02-22 14:58:54'),
(344, '127.0.0.1', '2013-02-22 14:58:54'),
(345, '127.0.0.1', '2013-02-22 14:58:54'),
(346, '127.0.0.1', '2013-02-22 15:00:23'),
(347, '127.0.0.1', '2013-02-22 15:00:24'),
(348, '127.0.0.1', '2013-02-22 15:00:24'),
(349, '127.0.0.1', '2013-02-22 15:00:43'),
(350, '127.0.0.1', '2013-02-22 15:00:43'),
(351, '127.0.0.1', '2013-02-22 15:00:44'),
(352, '127.0.0.1', '2013-02-22 15:02:32'),
(353, '127.0.0.1', '2013-02-22 15:02:32'),
(354, '127.0.0.1', '2013-02-22 15:02:32'),
(355, '127.0.0.1', '2013-02-22 15:02:56'),
(356, '127.0.0.1', '2013-02-22 15:02:58'),
(357, '127.0.0.1', '2013-02-22 15:04:02'),
(358, '127.0.0.1', '2013-02-22 15:04:04'),
(359, '127.0.0.1', '2013-02-22 15:04:53'),
(360, '127.0.0.1', '2013-02-22 15:04:55'),
(361, '127.0.0.1', '2013-02-22 15:04:55'),
(362, '127.0.0.1', '2013-02-22 15:04:55'),
(363, '127.0.0.1', '2013-02-22 15:08:02'),
(364, '127.0.0.1', '2013-02-22 15:08:34'),
(365, '127.0.0.1', '2013-02-22 15:08:34'),
(366, '127.0.0.1', '2013-02-22 15:08:34'),
(367, '127.0.0.1', '2013-02-22 15:10:58'),
(368, '127.0.0.1', '2013-02-22 15:10:59'),
(369, '127.0.0.1', '2013-02-22 15:10:59'),
(370, '127.0.0.1', '2013-02-22 15:14:52'),
(371, '127.0.0.1', '2013-02-22 15:14:52'),
(372, '127.0.0.1', '2013-02-22 15:14:52'),
(373, '127.0.0.1', '2013-02-22 15:15:02'),
(374, '127.0.0.1', '2013-02-22 15:15:05'),
(375, '127.0.0.1', '2013-02-22 15:15:05'),
(376, '127.0.0.1', '2013-02-22 15:15:05'),
(377, '127.0.0.1', '2013-02-22 15:16:14'),
(378, '127.0.0.1', '2013-02-22 15:16:17'),
(379, '127.0.0.1', '2013-02-22 15:16:21'),
(380, '127.0.0.1', '2013-02-22 15:16:22'),
(381, '127.0.0.1', '2013-02-22 15:19:23'),
(382, '127.0.0.1', '2013-02-22 15:19:28'),
(383, '127.0.0.1', '2013-02-22 15:19:34'),
(384, '127.0.0.1', '2013-02-22 15:19:58'),
(385, '127.0.0.1', '2013-02-22 15:20:33'),
(386, '127.0.0.1', '2013-02-22 15:20:33'),
(387, '127.0.0.1', '2013-02-22 15:20:55'),
(388, '127.0.0.1', '2013-02-22 15:20:55'),
(389, '127.0.0.1', '2013-02-22 15:21:16'),
(390, '127.0.0.1', '2013-02-22 15:22:35'),
(391, '127.0.0.1', '2013-02-22 15:22:35'),
(392, '127.0.0.1', '2013-02-22 15:22:35'),
(393, '127.0.0.1', '2013-02-22 15:23:32'),
(394, '127.0.0.1', '2013-02-22 15:23:32'),
(395, '127.0.0.1', '2013-02-22 15:23:32'),
(396, '127.0.0.1', '2013-02-22 15:24:45'),
(397, '127.0.0.1', '2013-02-22 15:24:45'),
(398, '127.0.0.1', '2013-02-22 15:24:45'),
(399, '127.0.0.1', '2013-02-22 15:25:05'),
(400, '127.0.0.1', '2013-02-22 15:25:05'),
(401, '127.0.0.1', '2013-02-22 15:25:05'),
(402, '127.0.0.1', '2013-02-22 15:25:55'),
(403, '127.0.0.1', '2013-02-22 15:25:55'),
(404, '127.0.0.1', '2013-02-22 15:25:55'),
(405, '127.0.0.1', '2013-02-22 15:26:40'),
(406, '127.0.0.1', '2013-02-22 15:26:40'),
(407, '127.0.0.1', '2013-02-22 15:26:40'),
(408, '127.0.0.1', '2013-02-22 15:27:20'),
(409, '127.0.0.1', '2013-02-22 15:27:21'),
(410, '127.0.0.1', '2013-02-22 15:27:21'),
(411, '127.0.0.1', '2013-02-22 15:27:44'),
(412, '127.0.0.1', '2013-02-22 15:27:45'),
(413, '127.0.0.1', '2013-02-22 15:27:46'),
(414, '127.0.0.1', '2013-02-22 15:27:46'),
(415, '127.0.0.1', '2013-02-22 15:28:31'),
(416, '127.0.0.1', '2013-02-22 15:28:31'),
(417, '127.0.0.1', '2013-02-22 15:28:31'),
(418, '127.0.0.1', '2013-02-22 15:28:49'),
(419, '127.0.0.1', '2013-02-22 15:28:49'),
(420, '127.0.0.1', '2013-02-22 15:28:49'),
(421, '127.0.0.1', '2013-02-22 15:29:52'),
(422, '127.0.0.1', '2013-02-22 15:29:52'),
(423, '127.0.0.1', '2013-02-22 15:29:52'),
(424, '127.0.0.1', '2013-02-22 15:30:23'),
(425, '127.0.0.1', '2013-02-22 15:30:23'),
(426, '127.0.0.1', '2013-02-22 15:30:23'),
(427, '127.0.0.1', '2013-02-22 15:30:40'),
(428, '127.0.0.1', '2013-02-22 15:30:40'),
(429, '127.0.0.1', '2013-02-22 15:30:40'),
(430, '127.0.0.1', '2013-02-22 15:31:38'),
(431, '127.0.0.1', '2013-02-22 15:34:17'),
(432, '127.0.0.1', '2013-02-22 15:34:17'),
(433, '127.0.0.1', '2013-02-22 15:34:17'),
(434, '127.0.0.1', '2013-02-22 15:35:03'),
(435, '127.0.0.1', '2013-02-22 15:35:32'),
(436, '127.0.0.1', '2013-02-22 15:35:34'),
(437, '127.0.0.1', '2013-02-22 15:35:34'),
(438, '127.0.0.1', '2013-02-22 15:35:34'),
(439, '127.0.0.1', '2013-02-22 15:35:36'),
(440, '127.0.0.1', '2013-02-22 15:55:31'),
(441, '127.0.0.1', '2013-02-22 15:57:44'),
(442, '127.0.0.1', '2013-02-22 15:57:46'),
(443, '127.0.0.1', '2013-02-22 15:57:47'),
(444, '127.0.0.1', '2013-02-22 15:57:47'),
(445, '127.0.0.1', '2013-02-22 15:57:47'),
(446, '127.0.0.1', '2013-02-22 15:58:39'),
(447, '127.0.0.1', '2013-02-22 15:58:39'),
(448, '127.0.0.1', '2013-02-22 15:58:39'),
(449, '127.0.0.1', '2013-02-22 15:58:42'),
(450, '127.0.0.1', '2013-02-22 15:58:56'),
(451, '127.0.0.1', '2013-02-22 15:58:57'),
(452, '127.0.0.1', '2013-02-22 15:58:57'),
(453, '127.0.0.1', '2013-02-22 15:58:57'),
(454, '127.0.0.1', '2013-02-22 15:59:01'),
(455, '127.0.0.1', '2013-02-22 15:59:12'),
(456, '127.0.0.1', '2013-02-22 15:59:31'),
(457, '127.0.0.1', '2013-02-22 15:59:31'),
(458, '127.0.0.1', '2013-02-22 15:59:31'),
(459, '127.0.0.1', '2013-02-22 16:08:28'),
(460, '127.0.0.1', '2013-02-22 16:13:25'),
(461, '127.0.0.1', '2013-02-22 16:18:57'),
(462, '127.0.0.1', '2013-02-22 16:19:17'),
(463, '127.0.0.1', '2013-02-22 16:19:35'),
(464, '127.0.0.1', '2013-02-22 16:19:46'),
(465, '127.0.0.1', '2013-02-22 16:19:58'),
(466, '127.0.0.1', '2013-02-22 16:20:13'),
(467, '127.0.0.1', '2013-02-22 16:20:21'),
(468, '127.0.0.1', '2013-02-22 16:21:29'),
(469, '127.0.0.1', '2013-02-22 16:21:56'),
(470, '127.0.0.1', '2013-02-22 16:22:07'),
(471, '127.0.0.1', '2013-02-22 16:22:13'),
(472, '127.0.0.1', '2013-02-22 16:22:35'),
(473, '127.0.0.1', '2013-02-22 16:22:41'),
(474, '127.0.0.1', '2013-02-22 16:22:51'),
(475, '127.0.0.1', '2013-02-22 16:25:02'),
(476, '127.0.0.1', '2013-02-22 16:25:07'),
(477, '127.0.0.1', '2013-02-22 16:26:18'),
(478, '127.0.0.1', '2013-02-22 17:48:48'),
(479, '127.0.0.1', '2013-02-22 17:49:03'),
(480, '127.0.0.1', '2013-02-22 17:49:06'),
(481, '127.0.0.1', '2013-02-22 17:49:07'),
(482, '127.0.0.1', '2013-02-22 17:49:08'),
(483, '127.0.0.1', '2013-02-22 17:49:44'),
(484, '127.0.0.1', '2013-02-22 17:49:47'),
(485, '127.0.0.1', '2013-02-22 17:49:57'),
(486, '127.0.0.1', '2013-02-22 17:50:00'),
(487, '127.0.0.1', '2013-02-22 17:50:08'),
(488, '127.0.0.1', '2013-02-22 17:50:40'),
(489, '127.0.0.1', '2013-02-22 17:50:40'),
(490, '127.0.0.1', '2013-02-22 17:50:40'),
(491, '127.0.0.1', '2013-02-26 08:55:49'),
(492, '127.0.0.1', '2013-02-26 08:56:02'),
(493, '127.0.0.1', '2013-02-26 08:56:02'),
(494, '127.0.0.1', '2013-02-26 08:56:02'),
(495, '127.0.0.1', '2013-02-26 08:57:22'),
(496, '127.0.0.1', '2013-02-26 08:57:53'),
(497, '127.0.0.1', '2013-02-26 08:57:53'),
(498, '127.0.0.1', '2013-02-26 08:57:53'),
(499, '127.0.0.1', '2013-02-26 08:57:54'),
(500, '127.0.0.1', '2013-02-26 08:58:08'),
(501, '127.0.0.1', '2013-02-26 08:58:13'),
(502, '127.0.0.1', '2013-02-26 08:59:45'),
(503, '127.0.0.1', '2013-02-26 09:00:11'),
(504, '127.0.0.1', '2013-02-26 09:05:57'),
(505, '127.0.0.1', '2013-03-02 22:59:28'),
(506, '127.0.0.1', '2013-03-02 22:59:41'),
(507, '127.0.0.1', '2013-03-02 23:00:24'),
(508, '127.0.0.1', '2013-03-02 23:00:49'),
(509, '127.0.0.1', '2013-03-02 23:00:51'),
(510, '127.0.0.1', '2013-03-02 23:00:51'),
(511, '127.0.0.1', '2013-03-02 23:00:52'),
(512, '127.0.0.1', '2013-03-02 23:05:27'),
(513, '127.0.0.1', '2013-03-02 23:10:04'),
(514, '127.0.0.1', '2013-03-02 23:10:06'),
(515, '127.0.0.1', '2013-03-02 23:10:08'),
(516, '127.0.0.1', '2013-03-02 23:10:09'),
(517, '127.0.0.1', '2013-03-02 23:10:10'),
(518, '127.0.0.1', '2013-03-02 23:10:23'),
(519, '127.0.0.1', '2013-03-02 23:10:23'),
(520, '127.0.0.1', '2013-03-02 23:10:23'),
(521, '127.0.0.1', '2013-03-02 23:10:25'),
(522, '127.0.0.1', '2013-03-02 23:10:25'),
(523, '127.0.0.1', '2013-03-02 23:10:26'),
(524, '127.0.0.1', '2013-03-02 23:10:27'),
(525, '127.0.0.1', '2013-03-02 23:10:27'),
(526, '127.0.0.1', '2013-03-02 23:10:30'),
(527, '127.0.0.1', '2013-03-02 23:10:31'),
(528, '127.0.0.1', '2013-03-02 23:10:31'),
(529, '127.0.0.1', '2013-03-02 23:10:35'),
(530, '127.0.0.1', '2013-03-02 23:10:36'),
(531, '127.0.0.1', '2013-03-02 23:10:38'),
(532, '127.0.0.1', '2013-03-02 23:10:39'),
(533, '127.0.0.1', '2013-03-02 23:10:39'),
(534, '127.0.0.1', '2013-03-02 23:12:17'),
(535, '127.0.0.1', '2013-03-02 23:12:18'),
(536, '127.0.0.1', '2013-03-02 23:12:19'),
(537, '127.0.0.1', '2013-03-02 23:12:21'),
(538, '127.0.0.1', '2013-03-02 23:12:21'),
(539, '127.0.0.1', '2013-03-02 23:12:28'),
(540, '127.0.0.1', '2013-03-02 23:12:29'),
(541, '127.0.0.1', '2013-03-02 23:12:29'),
(542, '127.0.0.1', '2013-03-02 23:12:32'),
(543, '127.0.0.1', '2013-03-02 23:12:32'),
(544, '127.0.0.1', '2013-03-02 23:13:15'),
(545, '127.0.0.1', '2013-03-02 23:13:16'),
(546, '127.0.0.1', '2013-03-02 23:13:17'),
(547, '127.0.0.1', '2013-03-02 23:13:17'),
(548, '127.0.0.1', '2013-03-02 23:13:28'),
(549, '127.0.0.1', '2013-03-02 23:44:53'),
(550, '127.0.0.1', '2013-03-02 23:45:02'),
(551, '127.0.0.1', '2013-03-02 23:45:05'),
(552, '127.0.0.1', '2013-03-02 23:45:12'),
(553, '127.0.0.1', '2013-03-02 23:49:31'),
(554, '127.0.0.1', '2013-03-02 23:49:38'),
(555, '127.0.0.1', '2013-03-02 23:49:39'),
(556, '127.0.0.1', '2013-03-02 23:49:39'),
(557, '127.0.0.1', '2013-03-02 23:54:25'),
(558, '127.0.0.1', '2013-03-02 23:54:25'),
(559, '127.0.0.1', '2013-03-02 23:54:25'),
(560, '127.0.0.1', '2013-03-02 23:54:27');

-- --------------------------------------------------------

--
-- Table structure for table `lg_league_album`
--

CREATE TABLE IF NOT EXISTS `lg_league_album` (
  `id` int(11) NOT NULL AUTO_INCREMENT,
  `league_id` int(11) NOT NULL,
  `album_name` varchar(255) NOT NULL,
  `album_info` varchar(255) NOT NULL,
  `album_cover_add` varchar(255) NOT NULL,
  `comment_id` int(11) NOT NULL,
  PRIMARY KEY (`id`)
) ENGINE=InnoDB  DEFAULT CHARSET=utf8 AUTO_INCREMENT=3 ;

--
-- Dumping data for table `lg_league_album`
--

INSERT INTO `lg_league_album` (`id`, `league_id`, `album_name`, `album_info`, `album_cover_add`, `comment_id`) VALUES
(1, 1, '测试相册', '测试相册 测试相册 测试信息测试信息', 'LeagueAlbum/Small/small_1a6f5959c871b56b21e9e3b2ab9ce33f.jpg', 1),
(2, 1, '测试', '测试', 'LeagueAlbum/Small/small_1a6f5959c871b56b21e9e3b2ab9ce33f.jpg', 2);

-- --------------------------------------------------------

--
-- Table structure for table `lg_league_class`
--

CREATE TABLE IF NOT EXISTS `lg_league_class` (
  `id` int(11) NOT NULL AUTO_INCREMENT,
  `class_name` varchar(255) NOT NULL,
  PRIMARY KEY (`id`)
) ENGINE=InnoDB  DEFAULT CHARSET=utf8 AUTO_INCREMENT=8 ;

--
-- Dumping data for table `lg_league_class`
--

INSERT INTO `lg_league_class` (`id`, `class_name`) VALUES
(1, '科学技术类'),
(2, '体育健身类'),
(3, '文化艺术类'),
(4, '文学传媒类'),
(5, '志愿服务类'),
(6, '学生会'),
(7, '其他');

-- --------------------------------------------------------

--
-- Table structure for table `lg_league_info`
--

CREATE TABLE IF NOT EXISTS `lg_league_info` (
  `id` int(11) NOT NULL AUTO_INCREMENT COMMENT 'importent',
  `username` varchar(255) NOT NULL,
  `password` varchar(255) NOT NULL,
  `league_name` varchar(255) NOT NULL,
  `league_introduce` varchar(255) NOT NULL DEFAULT '管理员还没添加简介哦~' COMMENT '社团简介',
  `register_time` date NOT NULL,
  `last_login_time` date NOT NULL,
  `avater_address` varchar(255) NOT NULL DEFAULT '',
  `league_class` int(11) NOT NULL,
  `content_id` int(11) NOT NULL,
  `league_member` varchar(255) NOT NULL DEFAULT '还没添加成员哦~',
  `street_id` int(11) NOT NULL,
  `heat` int(11) NOT NULL COMMENT '社团的热度',
  PRIMARY KEY (`id`)
) ENGINE=InnoDB  DEFAULT CHARSET=utf8 AUTO_INCREMENT=3 ;

--
-- Dumping data for table `lg_league_info`
--

INSERT INTO `lg_league_info` (`id`, `username`, `password`, `league_name`, `league_introduce`, `register_time`, `last_login_time`, `avater_address`, `league_class`, `content_id`, `league_member`, `street_id`, `heat`) VALUES
(1, 'test', '098f6bcd4621d373cade4e832627b4f6', '先声网', '我们是伟大的先声网', '2012-12-17', '2013-02-19', './123.jpg', 1, 1, '兵哥 亮哥等', 1, 0),
(2, '', '', '测试社团', '管理员还没添加简介哦~', '2012-12-20', '2012-12-20', './123.jpg', 1, 1, '测试人员', 1, 0);

-- --------------------------------------------------------

--
-- Table structure for table `lg_league_picture`
--

CREATE TABLE IF NOT EXISTS `lg_league_picture` (
  `id` int(11) NOT NULL AUTO_INCREMENT,
  `league_id` int(11) NOT NULL,
  `picture_name` varchar(255) NOT NULL,
  `picture_info` varchar(255) NOT NULL,
  `small_picture_add` varchar(255) NOT NULL,
  `large_picture_add` varchar(255) NOT NULL,
  `album_id` int(11) NOT NULL,
  `comment_id` int(11) NOT NULL,
  `is_cover` int(4) NOT NULL DEFAULT '0',
  PRIMARY KEY (`id`)
) ENGINE=InnoDB  DEFAULT CHARSET=utf8 AUTO_INCREMENT=2 ;

--
-- Dumping data for table `lg_league_picture`
--

INSERT INTO `lg_league_picture` (`id`, `league_id`, `picture_name`, `picture_info`, `small_picture_add`, `large_picture_add`, `album_id`, `comment_id`, `is_cover`) VALUES
(1, 1, '测试照片', '这是一个测试照片', 'LeagueAlbum/Small/small_1a6f5959c871b56b21e9e3b2ab9ce33f.jpg', 'LeagueAlbum/Large/large_1a6f5959c871b56b21e9e3b2ab9ce33f.jpg', 1, 1, 0);

-- --------------------------------------------------------

--
-- Table structure for table `lg_street`
--

CREATE TABLE IF NOT EXISTS `lg_street` (
  `id` int(11) NOT NULL AUTO_INCREMENT,
  `street_name` varchar(255) NOT NULL,
  `league_class` int(11) NOT NULL,
  PRIMARY KEY (`id`)
) ENGINE=InnoDB  DEFAULT CHARSET=utf8 AUTO_INCREMENT=6 ;

--
-- Dumping data for table `lg_street`
--

INSERT INTO `lg_street` (`id`, `street_name`, `league_class`) VALUES
(1, '梅园路', 1),
(2, '橘园路', 1),
(3, '桃园路', 2),
(4, '行政楼路', 2),
(5, '田家炳路', 3);

-- --------------------------------------------------------

--
-- Table structure for table `lg_systerm_admin`
--

CREATE TABLE IF NOT EXISTS `lg_systerm_admin` (
  `id` int(11) NOT NULL AUTO_INCREMENT,
  `username` varchar(255) NOT NULL,
  `possword` varchar(255) NOT NULL,
  `truename` varchar(255) NOT NULL,
  PRIMARY KEY (`id`)
) ENGINE=InnoDB DEFAULT CHARSET=utf8 AUTO_INCREMENT=1 ;

-- --------------------------------------------------------

--
-- Table structure for table `lg_user`
--

CREATE TABLE IF NOT EXISTS `lg_user` (
  `id` int(11) NOT NULL AUTO_INCREMENT,
  `card_num` varchar(50) NOT NULL,
  `true_name` varchar(255) NOT NULL,
  `nick_name` varchar(255) NOT NULL,
  `user_avatar_add` varchar(255) NOT NULL COMMENT '头像地址',
  `user_qq` varchar(255) NOT NULL DEFAULT '保密',
  `user_mail` varchar(255) NOT NULL DEFAULT '保密',
  `user_phone` varchar(255) NOT NULL DEFAULT '保密',
  `user_grade` int(11) NOT NULL,
  `user_college` varchar(255) NOT NULL DEFAULT '保密',
  `last_login_time` date NOT NULL,
  `times` int(11) NOT NULL DEFAULT '0' COMMENT '登陆次数 ',
  PRIMARY KEY (`id`)
) ENGINE=InnoDB  DEFAULT CHARSET=utf8 AUTO_INCREMENT=4 ;

--
-- Dumping data for table `lg_user`
--

INSERT INTO `lg_user` (`id`, `card_num`, `true_name`, `nick_name`, `user_avatar_add`, `user_qq`, `user_mail`, `user_phone`, `user_grade`, `user_college`, `last_login_time`, `times`) VALUES
(1, '213111517', '郭耿瑞', 'Tairy', 'psu.jpg', '1210137461', 'tairyguo@gmail.com', '15850692128', 2, '物理系', '2012-12-17', 0),
(2, '213111516', '张三', 'zhangsan', 'psu.jpg', '000000000', '00@00.com', '111111', 1, '数学系', '2012-12-25', 0),
(3, '888888', 'test', 'b', '3.jpg', '保密', '保密', '保密', 1, '保密', '2012-04-01', 0);

-- --------------------------------------------------------

--
-- Table structure for table `lg_vote`
--

CREATE TABLE IF NOT EXISTS `lg_vote` (
  `id` int(11) NOT NULL AUTO_INCREMENT,
  `league_id` int(11) NOT NULL,
  `vote_name` varchar(255) NOT NULL,
  `available_num` int(2) NOT NULL DEFAULT '1',
  PRIMARY KEY (`id`)
) ENGINE=InnoDB  DEFAULT CHARSET=utf8 AUTO_INCREMENT=3 ;

--
-- Dumping data for table `lg_vote`
--

INSERT INTO `lg_vote` (`id`, `league_id`, `vote_name`, `available_num`) VALUES
(2, 1, '测试投票名称', 10);

-- --------------------------------------------------------

--
-- Table structure for table `lg_vote_item`
--

CREATE TABLE IF NOT EXISTS `lg_vote_item` (
  `id` int(11) NOT NULL AUTO_INCREMENT,
  `vote_id` int(11) NOT NULL,
  `item_name` varchar(255) NOT NULL,
  `item_content` varchar(255) NOT NULL,
  PRIMARY KEY (`id`)
) ENGINE=InnoDB  DEFAULT CHARSET=utf8 AUTO_INCREMENT=3 ;

--
-- Dumping data for table `lg_vote_item`
--

INSERT INTO `lg_vote_item` (`id`, `vote_id`, `item_name`, `item_content`) VALUES
(1, 2, '111', '选项1'),
(2, 2, '选项2', '选项2');

-- --------------------------------------------------------

--
-- Table structure for table `lg_vote_result`
--

CREATE TABLE IF NOT EXISTS `lg_vote_result` (
  `id` int(11) NOT NULL AUTO_INCREMENT,
  `item_id` int(11) NOT NULL,
  `user_id` int(11) NOT NULL,
  PRIMARY KEY (`id`)
) ENGINE=InnoDB  DEFAULT CHARSET=utf8 AUTO_INCREMENT=56 ;

--
-- Dumping data for table `lg_vote_result`
--

INSERT INTO `lg_vote_result` (`id`, `item_id`, `user_id`) VALUES
(54, 1, 3),
(55, 2, 3);

-- --------------------------------------------------------

--
-- Table structure for table `lg_wanto`
--

CREATE TABLE IF NOT EXISTS `lg_wanto` (
  `id` int(11) NOT NULL AUTO_INCREMENT,
  `user_id` int(11) NOT NULL,
  `activity_id` int(11) NOT NULL,
  PRIMARY KEY (`id`)
) ENGINE=InnoDB DEFAULT CHARSET=utf8 AUTO_INCREMENT=1 ;

/*!40101 SET CHARACTER_SET_CLIENT=@OLD_CHARACTER_SET_CLIENT */;
/*!40101 SET CHARACTER_SET_RESULTS=@OLD_CHARACTER_SET_RESULTS */;
/*!40101 SET COLLATION_CONNECTION=@OLD_COLLATION_CONNECTION */;
